,,,,,,SpatialDimValueCode,Location,,,,,,Dim1ValueCode,,,,,,,,,,,,,,,,Value
,,,,,,MHL,Marshall Islands,,,,,,BTSX,,,,,,,,,,,,,,,,.
,,,,,,MHL,Marshall Islands,,,,,,FMLE,,,,,,,,,,,,,,,,.
,,,,,,MHL,Marshall Islands,,,,,,MLE,,,,,,,,,,,,,,,,.
,,,,,,MCO,Monaco,,,,,,BTSX,,,,,,,,,,,,,,,,.
,,,,,,MCO,Monaco,,,,,,FMLE,,,,,,,,,,,,,,,,.
,,,,,,MCO,Monaco,,,,,,MLE,,,,,,,,,,,,,,,,.
,,,,,,PLW,Palau,,,,,,BTSX,,,,,,,,,,,,,,,,.
,,,,,,PLW,Palau,,,,,,FMLE,,,,,,,,,,,,,,,,.
,,,,,,PLW,Palau,,,,,,MLE,,,,,,,,,,,,,,,,.
,,,,,,SMR,San Marino,,,,,,BTSX,,,,,,,,,,,,,,,,.
,,,,,,SMR,San Marino,,,,,,FMLE,,,,,,,,,,,,,,,,.
,,,,,,SMR,San Marino,,,,,,MLE,,,,,,,,,,,,,,,,.
,,,,,,SSD,South Sudan,,,,,,BTSX,,,,,,,,,,,,,,,,.
,,,,,,SSD,South Sudan,,,,,,FMLE,,,,,,,,,,,,,,,,.
,,,,,,SSD,South Sudan,,,,,,MLE,,,,,,,,,,,,,,,,.
,,,,,,LBY,Libya,,,,,,BTSX,,,,,,,,,,,,,,,,0.1
,,,,,,LBY,Libya,,,,,,FMLE,,,,,,,,,,,,,,,,0.1
,,,,,,KWT,Kuwait,,,,,,FMLE,,,,,,,,,,,,,,,,0.2
,,,,,,LBY,Libya,,,,,,MLE,,,,,,,,,,,,,,,,0.2
,,,,,,AFG,Afghanistan,,,,,,FMLE,,,,,,,,,,,,,,,,0.3
,,,,,,SLB,Solomon Islands,,,,,,FMLE,,,,,,,,,,,,,,,,0.3
,,,,,,YEM,Yemen,,,,,,FMLE,,,,,,,,,,,,,,,,0.3
,,,,,,MRT,Mauritania,,,,,,FMLE,,,,,,,,,,,,,,,,0.5
,,,,,,KWT,Kuwait,,,,,,BTSX,,,,,,,,,,,,,,,,0.6
,,,,,,PAK,Pakistan,,,,,,FMLE,,,,,,,,,,,,,,,,0.6
,,,,,,AFG,Afghanistan,,,,,,BTSX,,,,,,,,,,,,,,,,0.7
,,,,,,SLB,Solomon Islands,,,,,,BTSX,,,,,,,,,,,,,,,,0.7
,,,,,,SYR,Syrian Arab Republic,,,,,,FMLE,,,,,,,,,,,,,,,,0.7
,,,,,,YEM,Yemen,,,,,,BTSX,,,,,,,,,,,,,,,,0.7
,,,,,,KWT,Kuwait,,,,,,MLE,,,,,,,,,,,,,,,,0.8
,,,,,,MRT,Mauritania,,,,,,BTSX,,,,,,,,,,,,,,,,0.9
,,,,,,AFG,Afghanistan,,,,,,MLE,,,,,,,,,,,,,,,,1
,,,,,,BGD,Bangladesh,,,,,,FMLE,,,,,,,,,,,,,,,,1
,,,,,,IRN,Iran (Islamic Republic of),,,,,,FMLE,,,,,,,,,,,,,,,,1.1
,,,,,,SLB,Solomon Islands,,,,,,MLE,,,,,,,,,,,,,,,,1.1
,,,,,,SDN,Sudan,,,,,,FMLE,,,,,,,,,,,,,,,,1.1
,,,,,,YEM,Yemen,,,,,,MLE,,,,,,,,,,,,,,,,1.1
,,,,,,PAK,Pakistan,,,,,,BTSX,,,,,,,,,,,,,,,,1.2
,,,,,,MAR,Morocco,,,,,,FMLE,,,,,,,,,,,,,,,,1.3
,,,,,,EGY,Egypt,,,,,,FMLE,,,,,,,,,,,,,,,,1.4
,,,,,,JOR,Jordan,,,,,,FMLE,,,,,,,,,,,,,,,,1.4
,,,,,,MRT,Mauritania,,,,,,MLE,,,,,,,,,,,,,,,,1.4
,,,,,,DZA,Algeria,,,,,,FMLE,,,,,,,,,,,,,,,,1.5
,,,,,,IRQ,Iraq,,,,,,FMLE,,,,,,,,,,,,,,,,1.5
,,,,,,TUN,Tunisia,,,,,,FMLE,,,,,,,,,,,,,,,,1.6
,,,,,,PAK,Pakistan,,,,,,MLE,,,,,,,,,,,,,,,,1.8
,,,,,,COM,Comoros,,,,,,FMLE,,,,,,,,,,,,,,,,1.9
,,,,,,ZWE,Zimbabwe,,,,,,FMLE,,,,,,,,,,,,,,,,10
,,,,,,OMN,Oman,,,,,,MLE,,,,,,,,,,,,,,,,10.4
,,,,,,TUR,Turkey,,,,,,MLE,,,,,,,,,,,,,,,,11
,,,,,,DJI,Djibouti,,,,,,FMLE,,,,,,,,,,,,,,,,11.1
,,,,,,BHR,Bahrain,,,,,,MLE,,,,,,,,,,,,,,,,11.5
,,,,,,ERI,Eritrea,,,,,,FMLE,,,,,,,,,,,,,,,,11.6
,,,,,,NER,Niger,,,,,,FMLE,,,,,,,,,,,,,,,,11.7
,,,,,,TJK,Tajikistan,,,,,,FMLE,,,,,,,,,,,,,,,,11.8
,,,,,,MDG,Madagascar,,,,,,FMLE,,,,,,,,,,,,,,,,12
,,,,,,UZB,Uzbekistan,,,,,,FMLE,,,,,,,,,,,,,,,,12
,,,,,,KIR,Kiribati,,,,,,BTSX,,,,,,,,,,,,,,,,12.1
,,,,,,MDV,Maldives,,,,,,MLE,,,,,,,,,,,,,,,,12.1
,,,,,,MOZ,Mozambique,,,,,,FMLE,,,,,,,,,,,,,,,,12.3
,,,,,,TLS,Timor-Leste,,,,,,FMLE,,,,,,,,,,,,,,,,12.4
,,,,,,SEN,Senegal,,,,,,FMLE,,,,,,,,,,,,,,,,12.5
,,,,,,GIN,Guinea,,,,,,FMLE,,,,,,,,,,,,,,,,12.6
,,,,,,AZE,Azerbaijan,,,,,,FMLE,,,,,,,,,,,,,,,,12.8
,,,,,,MLI,Mali,,,,,,FMLE,,,,,,,,,,,,,,,,12.8
,,,,,,NRU,Nauru,,,,,,FMLE,,,,,,,,,,,,,,,,12.8
,,,,,,TCD,Chad,,,,,,FMLE,,,,,,,,,,,,,,,,13.1
,,,,,,ETH,Ethiopia,,,,,,FMLE,,,,,,,,,,,,,,,,13.2
,,,,,,IDN,Indonesia,,,,,,FMLE,,,,,,,,,,,,,,,,13.2
,,,,,,SVN,Slovenia,,,,,,BTSX,,,,,,,,,,,,,,,,13.5
,,,,,,VUT,Vanuatu,,,,,,BTSX,,,,,,,,,,,,,,,,13.6
,,,,,,PNG,Papua New Guinea,,,,,,BTSX,,,,,,,,,,,,,,,,13.7
,,,,,,MWI,Malawi,,,,,,FMLE,,,,,,,,,,,,,,,,13.9
,,,,,,KEN,Kenya,,,,,,FMLE,,,,,,,,,,,,,,,,14
,,,,,,TON,Tonga,,,,,,BTSX,,,,,,,,,,,,,,,,14.2
,,,,,,TUV,Tuvalu,,,,,,BTSX,,,,,,,,,,,,,,,,14.4
,,,,,,FSM,Micronesia (Federated States of),,,,,,BTSX,,,,,,,,,,,,,,,,15.2
,,,,,,TGO,Togo,,,,,,FMLE,,,,,,,,,,,,,,,,15.2
,,,,,,BEN,Benin,,,,,,FMLE,,,,,,,,,,,,,,,,15.4
,,,,,,KGZ,Kyrgyzstan,,,,,,FMLE,,,,,,,,,,,,,,,,15.5
,,,,,,GHA,Ghana,,,,,,FMLE,,,,,,,,,,,,,,,,15.7
,,,,,,WSM,Samoa,,,,,,BTSX,,,,,,,,,,,,,,,,16
,,,,,,ARM,Armenia,,,,,,FMLE,,,,,,,,,,,,,,,,16.2
,,,,,,GMB,Gambia,,,,,,FMLE,,,,,,,,,,,,,,,,16.2
,,,,,,MMR,Myanmar,,,,,,FMLE,,,,,,,,,,,,,,,,16.5
,,,,,,ZMB,Zambia,,,,,,FMLE,,,,,,,,,,,,,,,,16.5
,,,,,,GTM,Guatemala,,,,,,FMLE,,,,,,,,,,,,,,,,16.9
,,,,,,NPL,Nepal,,,,,,FMLE,,,,,,,,,,,,,,,,17.1
,,,,,,BTN,Bhutan,,,,,,FMLE,,,,,,,,,,,,,,,,17.3
,,,,,,GNB,Guinea-Bissau,,,,,,FMLE,,,,,,,,,,,,,,,,17.5
,,,,,,ZWE,Zimbabwe,,,,,,BTSX,,,,,,,,,,,,,,,,17.6
,,,,,,SWZ,Eswatini,,,,,,FMLE,,,,,,,,,,,,,,,,17.7
,,,,,,FJI,Fiji,,,,,,BTSX,,,,,,,,,,,,,,,,17.7
,,,,,,LSO,Lesotho,,,,,,BTSX,,,,,,,,,,,,,,,,17.8
,,,,,,LKA,Sri Lanka,,,,,,FMLE,,,,,,,,,,,,,,,,17.9
,,,,,,KIR,Kiribati,,,,,,MLE,,,,,,,,,,,,,,,,18.1
,,,,,,MYS,Malaysia,,,,,,FMLE,,,,,,,,,,,,,,,,18.2
,,,,,,HND,Honduras,,,,,,FMLE,,,,,,,,,,,,,,,,18.5
,,,,,,ARE,United Arab Emirates,,,,,,BTSX,,,,,,,,,,,,,,,,18.5
,,,,,,LBR,Liberia,,,,,,FMLE,,,,,,,,,,,,,,,,18.9
,,,,,,SLV,El Salvador,,,,,,FMLE,,,,,,,,,,,,,,,,19
,,,,,,TKM,Turkmenistan,,,,,,FMLE,,,,,,,,,,,,,,,,19
,,,,,,NAM,Namibia,,,,,,FMLE,,,,,,,,,,,,,,,,19.1
,,,,,,SLE,Sierra Leone,,,,,,FMLE,,,,,,,,,,,,,,,,19.2
,,,,,,SOM,Somalia,,,,,,FMLE,,,,,,,,,,,,,,,,19.4
,,,,,,MUS,Mauritius,,,,,,FMLE,,,,,,,,,,,,,,,,19.5
,,,,,,KHM,Cambodia,,,,,,FMLE,,,,,,,,,,,,,,,,19.6
,,,,,,DJI,Djibouti,,,,,,BTSX,,,,,,,,,,,,,,,,19.7
,,,,,,SVN,Slovenia,,,,,,MLE,,,,,,,,,,,,,,,,19.7
,,,,,,PNG,Papua New Guinea,,,,,,MLE,,,,,,,,,,,,,,,,19.9
,,,,,,VUT,Vanuatu,,,,,,MLE,,,,,,,,,,,,,,,,19.9
,,,,,,SYR,Syrian Arab Republic,,,,,,BTSX,,,,,,,,,,,,,,,,2
,,,,,,BGD,Bangladesh,,,,,,BTSX,,,,,,,,,,,,,,,,2.2
,,,,,,SDN,Sudan,,,,,,BTSX,,,,,,,,,,,,,,,,2.3
,,,,,,MAR,Morocco,,,,,,BTSX,,,,,,,,,,,,,,,,2.6
,,,,,,EGY,Egypt,,,,,,BTSX,,,,,,,,,,,,,,,,2.8
,,,,,,BWA,Botswana,,,,,,FMLE,,,,,,,,,,,,,,,,20
,,,,,,BDI,Burundi,,,,,,FMLE,,,,,,,,,,,,,,,,20
,,,,,,NER,Niger,,,,,,BTSX,,,,,,,,,,,,,,,,20.2
,,,,,,ERI,Eritrea,,,,,,BTSX,,,,,,,,,,,,,,,,20.3
,,,,,,TJK,Tajikistan,,,,,,BTSX,,,,,,,,,,,,,,,,20.7
,,,,,,NIC,Nicaragua,,,,,,FMLE,,,,,,,,,,,,,,,,20.8
,,,,,,UZB,Uzbekistan,,,,,,BTSX,,,,,,,,,,,,,,,,20.8
,,,,,,MDG,Madagascar,,,,,,BTSX,,,,,,,,,,,,,,,,20.9
,,,,,,TON,Tonga,,,,,,MLE,,,,,,,,,,,,,,,,20.9
,,,,,,MOZ,Mozambique,,,,,,BTSX,,,,,,,,,,,,,,,,21
,,,,,,PHL,Philippines,,,,,,FMLE,,,,,,,,,,,,,,,,21
,,,,,,NIU,Niue,,,,,,FMLE,,,,,,,,,,,,,,,,21.1
,,,,,,SEN,Senegal,,,,,,BTSX,,,,,,,,,,,,,,,,21.1
,,,,,,TUV,Tuvalu,,,,,,MLE,,,,,,,,,,,,,,,,21.1
,,,,,,CMR,Cameroon,,,,,,FMLE,,,,,,,,,,,,,,,,21.4
,,,,,,MNG,Mongolia,,,,,,FMLE,,,,,,,,,,,,,,,,21.5
,,,,,,STP,Sao Tome and Principe,,,,,,FMLE,,,,,,,,,,,,,,,,21.5
,,,,,,GIN,Guinea,,,,,,BTSX,,,,,,,,,,,,,,,,21.6
,,,,,,TLS,Timor-Leste,,,,,,BTSX,,,,,,,,,,,,,,,,21.6
,,,,,,ARE,United Arab Emirates,,,,,,MLE,,,,,,,,,,,,,,,,21.7
,,,,,,AZE,Azerbaijan,,,,,,BTSX,,,,,,,,,,,,,,,,21.9
,,,,,,MLI,Mali,,,,,,BTSX,,,,,,,,,,,,,,,,21.9
,,,,,,FSM,Micronesia (Federated States of),,,,,,MLE,,,,,,,,,,,,,,,,22
,,,,,,NRU,Nauru,,,,,,BTSX,,,,,,,,,,,,,,,,22
,,,,,,TCD,Chad,,,,,,BTSX,,,,,,,,,,,,,,,,22.4
,,,,,,ETH,Ethiopia,,,,,,BTSX,,,,,,,,,,,,,,,,22.6
,,,,,,JAM,Jamaica,,,,,,FMLE,,,,,,,,,,,,,,,,22.6
,,,,,,IDN,Indonesia,,,,,,BTSX,,,,,,,,,,,,,,,,22.7
,,,,,,HTI,Haiti,,,,,,FMLE,,,,,,,,,,,,,,,,22.9
,,,,,,WSM,Samoa,,,,,,MLE,,,,,,,,,,,,,,,,22.9
,,,,,,GEO,Georgia,,,,,,FMLE,,,,,,,,,,,,,,,,23
,,,,,,BFA,Burkina Faso,,,,,,FMLE,,,,,,,,,,,,,,,,23.2
,,,,,,PRY,Paraguay,,,,,,FMLE,,,,,,,,,,,,,,,,23.2
,,,,,,RWA,Rwanda,,,,,,FMLE,,,,,,,,,,,,,,,,23.4
,,,,,,MWI,Malawi,,,,,,BTSX,,,,,,,,,,,,,,,,23.7
,,,,,,COD,Democratic Republic of the Congo,,,,,,FMLE,,,,,,,,,,,,,,,,23.8
,,,,,,UGA,Uganda,,,,,,FMLE,,,,,,,,,,,,,,,,23.8
,,,,,,CRI,Costa Rica,,,,,,FMLE,,,,,,,,,,,,,,,,23.9
,,,,,,KEN,Kenya,,,,,,BTSX,,,,,,,,,,,,,,,,23.9
,,,,,,VNM,Viet Nam,,,,,,FMLE,,,,,,,,,,,,,,,,23.9
,,,,,,TZA,United Republic of Tanzania,,,,,,FMLE,,,,,,,,,,,,,,,,24
,,,,,,CIV,Côte d’Ivoire,,,,,,FMLE,,,,,,,,,,,,,,,,24.1
,,,,,,CAF,Central African Republic,,,,,,FMLE,,,,,,,,,,,,,,,,24.9
,,,,,,CPV,Cabo Verde,,,,,,FMLE,,,,,,,,,,,,,,,,25
,,,,,,QAT,Qatar,,,,,,FMLE,,,,,,,,,,,,,,,,25.2
,,,,,,VEN,Venezuela (Bolivarian Republic of),,,,,,FMLE,,,,,,,,,,,,,,,,25.2
,,,,,,IND,India,,,,,,FMLE,,,,,,,,,,,,,,,,25.4
,,,,,,FJI,Fiji,,,,,,MLE,,,,,,,,,,,,,,,,25.5
,,,,,,COL,Colombia,,,,,,FMLE,,,,,,,,,,,,,,,,25.6
,,,,,,TGO,Togo,,,,,,BTSX,,,,,,,,,,,,,,,,25.7
,,,,,,ZWE,Zimbabwe,,,,,,MLE,,,,,,,,,,,,,,,,25.7
,,,,,,GUY,Guyana,,,,,,FMLE,,,,,,,,,,,,,,,,25.9
,,,,,,KGZ,Kyrgyzstan,,,,,,BTSX,,,,,,,,,,,,,,,,25.9
,,,,,,ARM,Armenia,,,,,,BTSX,,,,,,,,,,,,,,,,26
,,,,,,GHA,Ghana,,,,,,BTSX,,,,,,,,,,,,,,,,26
,,,,,,BEN,Benin,,,,,,BTSX,,,,,,,,,,,,,,,,26.1
,,,,,,LSO,Lesotho,,,,,,MLE,,,,,,,,,,,,,,,,26.1
,,,,,,GMB,Gambia,,,,,,BTSX,,,,,,,,,,,,,,,,26.7
,,,,,,LAO,Lao People's Democratic Republic,,,,,,FMLE,,,,,,,,,,,,,,,,27
,,,,,,MMR,Myanmar,,,,,,BTSX,,,,,,,,,,,,,,,,27.1
,,,,,,NPL,Nepal,,,,,,BTSX,,,,,,,,,,,,,,,,27.1
,,,,,,KAZ,Kazakhstan,,,,,,FMLE,,,,,,,,,,,,,,,,27.2
,,,,,,BRA,Brazil,,,,,,FMLE,,,,,,,,,,,,,,,,27.3
,,,,,,GTM,Guatemala,,,,,,BTSX,,,,,,,,,,,,,,,,27.3
,,,,,,ZMB,Zambia,,,,,,BTSX,,,,,,,,,,,,,,,,27.3
,,,,,,PRK,Democratic People's Republic of Korea,,,,,,FMLE,,,,,,,,,,,,,,,,27.7
,,,,,,THA,Thailand,,,,,,FMLE,,,,,,,,,,,,,,,,27.7
,,,,,,DJI,Djibouti,,,,,,MLE,,,,,,,,,,,,,,,,28.2
,,,,,,BLZ,Belize,,,,,,FMLE,,,,,,,,,,,,,,,,28.4
,,,,,,LKA,Sri Lanka,,,,,,BTSX,,,,,,,,,,,,,,,,28.7
,,,,,,SUR,Suriname,,,,,,FMLE,,,,,,,,,,,,,,,,28.7
,,,,,,SWZ,Eswatini,,,,,,BTSX,,,,,,,,,,,,,,,,28.8
,,,,,,GNB,Guinea-Bissau,,,,,,BTSX,,,,,,,,,,,,,,,,28.8
,,,,,,NER,Niger,,,,,,MLE,,,,,,,,,,,,,,,,28.8
,,,,,,BRN,Brunei Darussalam,,,,,,FMLE,,,,,,,,,,,,,,,,29.1
,,,,,,ERI,Eritrea,,,,,,MLE,,,,,,,,,,,,,,,,29.2
,,,,,,SLV,El Salvador,,,,,,BTSX,,,,,,,,,,,,,,,,29.4
,,,,,,MEX,Mexico,,,,,,FMLE,,,,,,,,,,,,,,,,29.4
,,,,,,BTN,Bhutan,,,,,,BTSX,,,,,,,,,,,,,,,,29.6
,,,,,,MYS,Malaysia,,,,,,BTSX,,,,,,,,,,,,,,,,29.6
,,,,,,TJK,Tajikistan,,,,,,MLE,,,,,,,,,,,,,,,,29.6
,,,,,,DOM,Dominican Republic,,,,,,FMLE,,,,,,,,,,,,,,,,29.7
,,,,,,HND,Honduras,,,,,,BTSX,,,,,,,,,,,,,,,,29.8
,,,,,,JOR,Jordan,,,,,,BTSX,,,,,,,,,,,,,,,,3
,,,,,,LBN,Lebanon,,,,,,FMLE,,,,,,,,,,,,,,,,3
,,,,,,TUR,Turkey,,,,,,FMLE,,,,,,,,,,,,,,,,3
,,,,,,IRQ,Iraq,,,,,,BTSX,,,,,,,,,,,,,,,,3.1
,,,,,,DZA,Algeria,,,,,,BTSX,,,,,,,,,,,,,,,,3.2
,,,,,,OMN,Oman,,,,,,FMLE,,,,,,,,,,,,,,,,3.3
,,,,,,SDN,Sudan,,,,,,MLE,,,,,,,,,,,,,,,,3.4
,,,,,,SYR,Syrian Arab Republic,,,,,,MLE,,,,,,,,,,,,,,,,3.4
,,,,,,BGD,Bangladesh,,,,,,MLE,,,,,,,,,,,,,,,,3.5
,,,,,,IRN,Iran (Islamic Republic of),,,,,,BTSX,,,,,,,,,,,,,,,,3.5
,,,,,,SAU,Saudi Arabia,,,,,,FMLE,,,,,,,,,,,,,,,,3.5
,,,,,,BHR,Bahrain,,,,,,FMLE,,,,,,,,,,,,,,,,3.8
,,,,,,MDV,Maldives,,,,,,FMLE,,,,,,,,,,,,,,,,3.9
,,,,,,MAR,Morocco,,,,,,MLE,,,,,,,,,,,,,,,,3.9
,,,,,,MDG,Madagascar,,,,,,MLE,,,,,,,,,,,,,,,,30
,,,,,,UZB,Uzbekistan,,,,,,MLE,,,,,,,,,,,,,,,,30.1
,,,,,,NAM,Namibia,,,,,,BTSX,,,,,,,,,,,,,,,,30.3
,,,,,,SEN,Senegal,,,,,,MLE,,,,,,,,,,,,,,,,30.4
,,,,,,TKM,Turkmenistan,,,,,,BTSX,,,,,,,,,,,,,,,,30.4
,,,,,,BHS,Bahamas,,,,,,FMLE,,,,,,,,,,,,,,,,30.5
,,,,,,MOZ,Mozambique,,,,,,MLE,,,,,,,,,,,,,,,,30.5
,,,,,,TLS,Timor-Leste,,,,,,MLE,,,,,,,,,,,,,,,,30.6
,,,,,,GIN,Guinea,,,,,,MLE,,,,,,,,,,,,,,,,30.7
,,,,,,LBR,Liberia,,,,,,BTSX,,,,,,,,,,,,,,,,30.8
,,,,,,KHM,Cambodia,,,,,,BTSX,,,,,,,,,,,,,,,,30.9
,,,,,,SLE,Sierra Leone,,,,,,BTSX,,,,,,,,,,,,,,,,30.9
,,,,,,SOM,Somalia,,,,,,BTSX,,,,,,,,,,,,,,,,31
,,,,,,MLI,Mali,,,,,,MLE,,,,,,,,,,,,,,,,31.1
,,,,,,MUS,Mauritius,,,,,,BTSX,,,,,,,,,,,,,,,,31.2
,,,,,,NRU,Nauru,,,,,,MLE,,,,,,,,,,,,,,,,31.5
,,,,,,AZE,Azerbaijan,,,,,,MLE,,,,,,,,,,,,,,,,31.6
,,,,,,BDI,Burundi,,,,,,BTSX,,,,,,,,,,,,,,,,31.6
,,,,,,TCD,Chad,,,,,,MLE,,,,,,,,,,,,,,,,31.7
,,,,,,DMA,Dominica,,,,,,FMLE,,,,,,,,,,,,,,,,31.7
,,,,,,BOL,Bolivia (Plurinational State of),,,,,,FMLE,,,,,,,,,,,,,,,,31.9
,,,,,,BWA,Botswana,,,,,,BTSX,,,,,,,,,,,,,,,,32
,,,,,,ETH,Ethiopia,,,,,,MLE,,,,,,,,,,,,,,,,32.1
,,,,,,CUB,Cuba,,,,,,FMLE,,,,,,,,,,,,,,,,32.3
,,,,,,IDN,Indonesia,,,,,,MLE,,,,,,,,,,,,,,,,32.3
,,,,,,NIC,Nicaragua,,,,,,BTSX,,,,,,,,,,,,,,,,32.5
,,,,,,VCT,Saint Vincent and the Grenadines,,,,,,FMLE,,,,,,,,,,,,,,,,32.8
,,,,,,ECU,Ecuador,,,,,,FMLE,,,,,,,,,,,,,,,,32.9
,,,,,,PHL,Philippines,,,,,,BTSX,,,,,,,,,,,,,,,,33.1
,,,,,,NIU,Niue,,,,,,BTSX,,,,,,,,,,,,,,,,33.2
,,,,,,BRN,Brunei Darussalam,,,,,,BTSX,,,,,,,,,,,,,,,,33.3
,,,,,,MWI,Malawi,,,,,,MLE,,,,,,,,,,,,,,,,33.6
,,,,,,MNG,Mongolia,,,,,,BTSX,,,,,,,,,,,,,,,,33.6
,,,,,,CMR,Cameroon,,,,,,BTSX,,,,,,,,,,,,,,,,33.8
,,,,,,KEN,Kenya,,,,,,MLE,,,,,,,,,,,,,,,,33.8
,,,,,,BIH,Bosnia and Herzegovina,,,,,,FMLE,,,,,,,,,,,,,,,,34
,,,,,,PAN,Panama,,,,,,FMLE,,,,,,,,,,,,,,,,34
,,,,,,STP,Sao Tome and Principe,,,,,,BTSX,,,,,,,,,,,,,,,,34
,,,,,,AGO,Angola,,,,,,FMLE,,,,,,,,,,,,,,,,34.3
,,,,,,JAM,Jamaica,,,,,,BTSX,,,,,,,,,,,,,,,,34.9
,,,,,,RWA,Rwanda,,,,,,BTSX,,,,,,,,,,,,,,,,35
,,,,,,GEO,Georgia,,,,,,BTSX,,,,,,,,,,,,,,,,35.1
,,,,,,HTI,Haiti,,,,,,BTSX,,,,,,,,,,,,,,,,35.1
,,,,,,GRD,Grenada,,,,,,FMLE,,,,,,,,,,,,,,,,35.7
,,,,,,PRY,Paraguay,,,,,,BTSX,,,,,,,,,,,,,,,,36
,,,,,,LCA,Saint Lucia,,,,,,FMLE,,,,,,,,,,,,,,,,36.3
,,,,,,UGA,Uganda,,,,,,BTSX,,,,,,,,,,,,,,,,36.3
,,,,,,COD,Democratic Republic of the Congo,,,,,,BTSX,,,,,,,,,,,,,,,,36.4
,,,,,,TZA,United Republic of Tanzania,,,,,,BTSX,,,,,,,,,,,,,,,,36.4
,,,,,,ATG,Antigua and Barbuda,,,,,,FMLE,,,,,,,,,,,,,,,,36.5
,,,,,,TGO,Togo,,,,,,MLE,,,,,,,,,,,,,,,,36.5
,,,,,,CRI,Costa Rica,,,,,,BTSX,,,,,,,,,,,,,,,,36.6
,,,,,,GHA,Ghana,,,,,,MLE,,,,,,,,,,,,,,,,36.8
,,,,,,KGZ,Kyrgyzstan,,,,,,MLE,,,,,,,,,,,,,,,,36.8
,,,,,,BFA,Burkina Faso,,,,,,BTSX,,,,,,,,,,,,,,,,36.9
,,,,,,BEN,Benin,,,,,,MLE,,,,,,,,,,,,,,,,37
,,,,,,COK,Cook Islands,,,,,,FMLE,,,,,,,,,,,,,,,,37
,,,,,,BRN,Brunei Darussalam,,,,,,MLE,,,,,,,,,,,,,,,,37.3
,,,,,,BRB,Barbados,,,,,,FMLE,,,,,,,,,,,,,,,,37.4
,,,,,,ALB,Albania,,,,,,FMLE,,,,,,,,,,,,,,,,37.6
,,,,,,CAF,Central African Republic,,,,,,BTSX,,,,,,,,,,,,,,,,37.6
,,,,,,NGA,Nigeria,,,,,,FMLE,,,,,,,,,,,,,,,,37.7
,,,,,,GMB,Gambia,,,,,,MLE,,,,,,,,,,,,,,,,37.8
,,,,,,ARM,Armenia,,,,,,MLE,,,,,,,,,,,,,,,,38
,,,,,,COG,Congo,,,,,,FMLE,,,,,,,,,,,,,,,,38
,,,,,,VEN,Venezuela (Bolivarian Republic of),,,,,,BTSX,,,,,,,,,,,,,,,,38
,,,,,,COL,Colombia,,,,,,BTSX,,,,,,,,,,,,,,,,38.3
,,,,,,MMR,Myanmar,,,,,,MLE,,,,,,,,,,,,,,,,38.3
,,,,,,ZMB,Zambia,,,,,,MLE,,,,,,,,,,,,,,,,38.3
,,,,,,NPL,Nepal,,,,,,MLE,,,,,,,,,,,,,,,,38.4
,,,,,,CIV,Côte d’Ivoire,,,,,,BTSX,,,,,,,,,,,,,,,,38.5
,,,,,,GTM,Guatemala,,,,,,MLE,,,,,,,,,,,,,,,,38.6
,,,,,,IND,India,,,,,,BTSX,,,,,,,,,,,,,,,,38.8
,,,,,,GUY,Guyana,,,,,,BTSX,,,,,,,,,,,,,,,,39.1
,,,,,,CPV,Cabo Verde,,,,,,BTSX,,,,,,,,,,,,,,,,39.4
,,,,,,PER,Peru,,,,,,FMLE,,,,,,,,,,,,,,,,39.6
,,,,,,BTN,Bhutan,,,,,,MLE,,,,,,,,,,,,,,,,39.8
,,,,,,KAZ,Kazakhstan,,,,,,BTSX,,,,,,,,,,,,,,,,39.9
,,,,,,MKD,The former Yugoslav Republic of Macedonia,,,,,,FMLE,,,,,,,,,,,,,,,,39.9
,,,,,,COM,Comoros,,,,,,BTSX,,,,,,,,,,,,,,,,4.1
,,,,,,EGY,Egypt,,,,,,MLE,,,,,,,,,,,,,,,,4.2
,,,,,,JOR,Jordan,,,,,,MLE,,,,,,,,,,,,,,,,4.5
,,,,,,IRQ,Iraq,,,,,,MLE,,,,,,,,,,,,,,,,4.7
,,,,,,DZA,Algeria,,,,,,MLE,,,,,,,,,,,,,,,,4.8
,,,,,,LAO,Lao People's Democratic Republic,,,,,,BTSX,,,,,,,,,,,,,,,,40
,,,,,,BRA,Brazil,,,,,,BTSX,,,,,,,,,,,,,,,,40.3
,,,,,,PRK,Democratic People's Republic of Korea,,,,,,BTSX,,,,,,,,,,,,,,,,40.3
,,,,,,SWZ,Eswatini,,,,,,MLE,,,,,,,,,,,,,,,,40.4
,,,,,,MNE,Montenegro,,,,,,FMLE,,,,,,,,,,,,,,,,40.4
,,,,,,GNB,Guinea-Bissau,,,,,,MLE,,,,,,,,,,,,,,,,40.5
,,,,,,LKA,Sri Lanka,,,,,,MLE,,,,,,,,,,,,,,,,40.6
,,,,,,SYC,Seychelles,,,,,,FMLE,,,,,,,,,,,,,,,,40.9
,,,,,,THA,Thailand,,,,,,BTSX,,,,,,,,,,,,,,,,40.9
,,,,,,MYS,Malaysia,,,,,,MLE,,,,,,,,,,,,,,,,41.2
,,,,,,HND,Honduras,,,,,,MLE,,,,,,,,,,,,,,,,41.3
,,,,,,KNA,Saint Kitts and Nevis,,,,,,FMLE,,,,,,,,,,,,,,,,41.3
,,,,,,BLZ,Belize,,,,,,BTSX,,,,,,,,,,,,,,,,41.5
,,,,,,ISR,Israel,,,,,,FMLE,,,,,,,,,,,,,,,,41.6
,,,,,,SLV,El Salvador,,,,,,MLE,,,,,,,,,,,,,,,,41.8
,,,,,,SUR,Suriname,,,,,,BTSX,,,,,,,,,,,,,,,,42.2
,,,,,,NAM,Namibia,,,,,,MLE,,,,,,,,,,,,,,,,42.4
,,,,,,TKM,Turkmenistan,,,,,,MLE,,,,,,,,,,,,,,,,42.5
,,,,,,CHN,China,,,,,,FMLE,,,,,,,,,,,,,,,,42.6
,,,,,,LBR,Liberia,,,,,,MLE,,,,,,,,,,,,,,,,42.7
,,,,,,MEX,Mexico,,,,,,BTSX,,,,,,,,,,,,,,,,42.7
,,,,,,DOM,Dominican Republic,,,,,,BTSX,,,,,,,,,,,,,,,,43
,,,,,,SLE,Sierra Leone,,,,,,MLE,,,,,,,,,,,,,,,,43.1
,,,,,,KHM,Cambodia,,,,,,MLE,,,,,,,,,,,,,,,,43.2
,,,,,,SOM,Somalia,,,,,,MLE,,,,,,,,,,,,,,,,43.2
,,,,,,MUS,Mauritius,,,,,,MLE,,,,,,,,,,,,,,,,43.4
,,,,,,BDI,Burundi,,,,,,MLE,,,,,,,,,,,,,,,,43.7
,,,,,,JPN,Japan,,,,,,FMLE,,,,,,,,,,,,,,,,43.7
,,,,,,BHS,Bahamas,,,,,,BTSX,,,,,,,,,,,,,,,,43.8
,,,,,,BWA,Botswana,,,,,,MLE,,,,,,,,,,,,,,,,44
,,,,,,NIC,Nicaragua,,,,,,MLE,,,,,,,,,,,,,,,,44.9
,,,,,,DMA,Dominica,,,,,,BTSX,,,,,,,,,,,,,,,,45.2
,,,,,,PHL,Philippines,,,,,,MLE,,,,,,,,,,,,,,,,45.3
,,,,,,BOL,Bolivia (Plurinational State of),,,,,,BTSX,,,,,,,,,,,,,,,,45.4
,,,,,,NIU,Niue,,,,,,MLE,,,,,,,,,,,,,,,,45.5
,,,,,,QAT,Qatar,,,,,,BTSX,,,,,,,,,,,,,,,,45.6
,,,,,,TTO,Trinidad and Tobago,,,,,,FMLE,,,,,,,,,,,,,,,,45.6
,,,,,,CUB,Cuba,,,,,,BTSX,,,,,,,,,,,,,,,,46.1
,,,,,,MNG,Mongolia,,,,,,MLE,,,,,,,,,,,,,,,,46.3
,,,,,,ECU,Ecuador,,,,,,BTSX,,,,,,,,,,,,,,,,46.5
,,,,,,VCT,Saint Vincent and the Grenadines,,,,,,BTSX,,,,,,,,,,,,,,,,46.6
,,,,,,HRV,Croatia,,,,,,FMLE,,,,,,,,,,,,,,,,46.8
,,,,,,STP,Sao Tome and Principe,,,,,,MLE,,,,,,,,,,,,,,,,46.8
,,,,,,CMR,Cameroon,,,,,,MLE,,,,,,,,,,,,,,,,46.9
,,,,,,SRB,Serbia,,,,,,FMLE,,,,,,,,,,,,,,,,47
,,,,,,JAM,Jamaica,,,,,,MLE,,,,,,,,,,,,,,,,47.4
,,,,,,AGO,Angola,,,,,,BTSX,,,,,,,,,,,,,,,,47.7
,,,,,,PAN,Panama,,,,,,BTSX,,,,,,,,,,,,,,,,47.7
,,,,,,BIH,Bosnia and Herzegovina,,,,,,BTSX,,,,,,,,,,,,,,,,47.9
,,,,,,HTI,Haiti,,,,,,MLE,,,,,,,,,,,,,,,,47.9
,,,,,,PRY,Paraguay,,,,,,MLE,,,,,,,,,,,,,,,,48.4
,,,,,,RWA,Rwanda,,,,,,MLE,,,,,,,,,,,,,,,,48.4
,,,,,,GEO,Georgia,,,,,,MLE,,,,,,,,,,,,,,,,48.9
,,,,,,UGA,Uganda,,,,,,MLE,,,,,,,,,,,,,,,,49.1
,,,,,,COD,Democratic Republic of the Congo,,,,,,MLE,,,,,,,,,,,,,,,,49.2
,,,,,,TZA,United Republic of Tanzania,,,,,,MLE,,,,,,,,,,,,,,,,49.3
,,,,,,ATG,Antigua and Barbuda,,,,,,BTSX,,,,,,,,,,,,,,,,49.4
,,,,,,CRI,Costa Rica,,,,,,MLE,,,,,,,,,,,,,,,,49.5
,,,,,,GRD,Grenada,,,,,,BTSX,,,,,,,,,,,,,,,,49.6
,,,,,,LCA,Saint Lucia,,,,,,BTSX,,,,,,,,,,,,,,,,49.7
,,,,,,TUN,Tunisia,,,,,,BTSX,,,,,,,,,,,,,,,,5.2
,,,,,,SAU,Saudi Arabia,,,,,,BTSX,,,,,,,,,,,,,,,,5.8
,,,,,,MLT,Malta,,,,,,FMLE,,,,,,,,,,,,,,,,50
,,,,,,VNM,Viet Nam,,,,,,MLE,,,,,,,,,,,,,,,,50
,,,,,,BRB,Barbados,,,,,,BTSX,,,,,,,,,,,,,,,,50.5
,,,,,,COK,Cook Islands,,,,,,BTSX,,,,,,,,,,,,,,,,50.6
,,,,,,CAF,Central African Republic,,,,,,MLE,,,,,,,,,,,,,,,,50.8
,,,,,,ALB,Albania,,,,,,BTSX,,,,,,,,,,,,,,,,51
,,,,,,BFA,Burkina Faso,,,,,,MLE,,,,,,,,,,,,,,,,51.2
,,,,,,KOR,Republic of Korea,,,,,,FMLE,,,,,,,,,,,,,,,,51.2
,,,,,,VEN,Venezuela (Bolivarian Republic of),,,,,,MLE,,,,,,,,,,,,,,,,51.2
,,,,,,IND,India,,,,,,MLE,,,,,,,,,,,,,,,,51.4
,,,,,,COL,Colombia,,,,,,MLE,,,,,,,,,,,,,,,,51.7
,,,,,,COG,Congo,,,,,,BTSX,,,,,,,,,,,,,,,,51.7
,,,,,,CAN,Canada,,,,,,FMLE,,,,,,,,,,,,,,,,52.1
,,,,,,QAT,Qatar,,,,,,MLE,,,,,,,,,,,,,,,,52.1
,,,,,,GUY,Guyana,,,,,,MLE,,,,,,,,,,,,,,,,52.2
,,,,,,CIV,Côte d’Ivoire,,,,,,MLE,,,,,,,,,,,,,,,,52.3
,,,,,,NGA,Nigeria,,,,,,BTSX,,,,,,,,,,,,,,,,52.6
,,,,,,PER,Peru,,,,,,BTSX,,,,,,,,,,,,,,,,53.2
,,,,,,GRC,Greece,,,,,,FMLE,,,,,,,,,,,,,,,,53.3
,,,,,,LAO,Lao People's Democratic Republic,,,,,,MLE,,,,,,,,,,,,,,,,53.4
,,,,,,PRK,Democratic People's Republic of Korea,,,,,,MLE,,,,,,,,,,,,,,,,53.7
,,,,,,MKD,The former Yugoslav Republic of Macedonia,,,,,,BTSX,,,,,,,,,,,,,,,,53.7
,,,,,,CPV,Cabo Verde,,,,,,MLE,,,,,,,,,,,,,,,,53.8
,,,,,,BGR,Bulgaria,,,,,,FMLE,,,,,,,,,,,,,,,,53.9
,,,,,,BRA,Brazil,,,,,,MLE,,,,,,,,,,,,,,,,54
,,,,,,MNE,Montenegro,,,,,,BTSX,,,,,,,,,,,,,,,,54
,,,,,,GAB,Gabon,,,,,,FMLE,,,,,,,,,,,,,,,,54.1
,,,,,,KAZ,Kazakhstan,,,,,,MLE,,,,,,,,,,,,,,,,54.3
,,,,,,ITA,Italy,,,,,,FMLE,,,,,,,,,,,,,,,,54.4
,,,,,,THA,Thailand,,,,,,MLE,,,,,,,,,,,,,,,,54.6
,,,,,,HUN,Hungary,,,,,,FMLE,,,,,,,,,,,,,,,,54.8
,,,,,,MDA,Republic of Moldova,,,,,,FMLE,,,,,,,,,,,,,,,,54.8
,,,,,,KNA,Saint Kitts and Nevis,,,,,,BTSX,,,,,,,,,,,,,,,,54.8
,,,,,,BLZ,Belize,,,,,,MLE,,,,,,,,,,,,,,,,54.9
,,,,,,SYC,Seychelles,,,,,,BTSX,,,,,,,,,,,,,,,,54.9
,,,,,,ISR,Israel,,,,,,BTSX,,,,,,,,,,,,,,,,55
,,,,,,RUS,Russian Federation,,,,,,FMLE,,,,,,,,,,,,,,,,55.4
,,,,,,ROU,Romania,,,,,,FMLE,,,,,,,,,,,,,,,,55.5
,,,,,,ARG,Argentina,,,,,,FMLE,,,,,,,,,,,,,,,,55.7
,,,,,,CHL,Chile,,,,,,FMLE,,,,,,,,,,,,,,,,55.8
,,,,,,SUR,Suriname,,,,,,MLE,,,,,,,,,,,,,,,,55.8
,,,,,,CHN,China,,,,,,BTSX,,,,,,,,,,,,,,,,55.9
,,,,,,UKR,Ukraine,,,,,,FMLE,,,,,,,,,,,,,,,,56.1
,,,,,,MEX,Mexico,,,,,,MLE,,,,,,,,,,,,,,,,56.4
,,,,,,POL,Poland,,,,,,FMLE,,,,,,,,,,,,,,,,56.4
,,,,,,CYP,Cyprus,,,,,,FMLE,,,,,,,,,,,,,,,,56.6
,,,,,,DOM,Dominican Republic,,,,,,MLE,,,,,,,,,,,,,,,,56.7
,,,,,,JPN,Japan,,,,,,BTSX,,,,,,,,,,,,,,,,57
,,,,,,ESP,Spain,,,,,,FMLE,,,,,,,,,,,,,,,,57
,,,,,,URY,Uruguay,,,,,,FMLE,,,,,,,,,,,,,,,,57.6
,,,,,,BHS,Bahamas,,,,,,MLE,,,,,,,,,,,,,,,,57.9
,,,,,,RUS,Russian Federation,,,,,,BTSX,,,,,,,,,,,,,,,,58.1
,,,,,,PRT,Portugal,,,,,,FMLE,,,,,,,,,,,,,,,,58.3
,,,,,,TTO,Trinidad and Tobago,,,,,,BTSX,,,,,,,,,,,,,,,,58.7
,,,,,,SGP,Singapore,,,,,,FMLE,,,,,,,,,,,,,,,,58.8
,,,,,,DMA,Dominica,,,,,,MLE,,,,,,,,,,,,,,,,59
,,,,,,BOL,Bolivia (Plurinational State of),,,,,,MLE,,,,,,,,,,,,,,,,59.1
,,,,,,HRV,Croatia,,,,,,BTSX,,,,,,,,,,,,,,,,59.7
,,,,,,CUB,Cuba,,,,,,MLE,,,,,,,,,,,,,,,,59.9
,,,,,,IRN,Iran (Islamic Republic of),,,,,,MLE,,,,,,,,,,,,,,,,6
,,,,,,LBN,Lebanon,,,,,,BTSX,,,,,,,,,,,,,,,,6.1
,,,,,,COM,Comoros,,,,,,MLE,,,,,,,,,,,,,,,,6.2
,,,,,,KIR,Kiribati,,,,,,FMLE,,,,,,,,,,,,,,,,6.5
,,,,,,TUR,Turkey,,,,,,BTSX,,,,,,,,,,,,,,,,6.9
,,,,,,SRB,Serbia,,,,,,BTSX,,,,,,,,,,,,,,,,60
,,,,,,SVK,Slovakia,,,,,,FMLE,,,,,,,,,,,,,,,,60
,,,,,,ECU,Ecuador,,,,,,MLE,,,,,,,,,,,,,,,,60.3
,,,,,,ISL,Iceland,,,,,,FMLE,,,,,,,,,,,,,,,,60.3
,,,,,,VCT,Saint Vincent and the Grenadines,,,,,,MLE,,,,,,,,,,,,,,,,60.3
,,,,,,USA,United States of America,,,,,,FMLE,,,,,,,,,,,,,,,,60.7
,,,,,,NLD,Netherlands,,,,,,FMLE,,,,,,,,,,,,,,,,61.2
,,,,,,RUS,Russian Federation,,,,,,MLE,,,,,,,,,,,,,,,,61.4
,,,,,,PAN,Panama,,,,,,MLE,,,,,,,,,,,,,,,,61.5
,,,,,,AGO,Angola,,,,,,MLE,,,,,,,,,,,,,,,,61.6
,,,,,,GNQ,Equatorial Guinea,,,,,,FMLE,,,,,,,,,,,,,,,,61.7
,,,,,,FIN,Finland,,,,,,FMLE,,,,,,,,,,,,,,,,61.7
,,,,,,UKR,Ukraine,,,,,,BTSX,,,,,,,,,,,,,,,,61.8
,,,,,,BIH,Bosnia and Herzegovina,,,,,,MLE,,,,,,,,,,,,,,,,62.1
,,,,,,SWE,Sweden,,,,,,FMLE,,,,,,,,,,,,,,,,62.2
,,,,,,EST,Estonia,,,,,,FMLE,,,,,,,,,,,,,,,,62.6
,,,,,,MLT,Malta,,,,,,BTSX,,,,,,,,,,,,,,,,63
,,,,,,GBR,United Kingdom of Great Britain and Northern Ireland,,,,,,FMLE,,,,,,,,,,,,,,,,63
,,,,,,GRD,Grenada,,,,,,MLE,,,,,,,,,,,,,,,,63.6
,,,,,,ATG,Antigua and Barbuda,,,,,,MLE,,,,,,,,,,,,,,,,63.9
,,,,,,KOR,Republic of Korea,,,,,,BTSX,,,,,,,,,,,,,,,,63.9
,,,,,,LCA,Saint Lucia,,,,,,MLE,,,,,,,,,,,,,,,,63.9
,,,,,,DNK,Denmark,,,,,,FMLE,,,,,,,,,,,,,,,,64.2
,,,,,,AND,Andorra,,,,,,FMLE,,,,,,,,,,,,,,,,64.3
,,,,,,CAN,Canada,,,,,,BTSX,,,,,,,,,,,,,,,,64.5
,,,,,,COK,Cook Islands,,,,,,MLE,,,,,,,,,,,,,,,,64.5
,,,,,,NZL,New Zealand,,,,,,FMLE,,,,,,,,,,,,,,,,64.8
,,,,,,ALB,Albania,,,,,,MLE,,,,,,,,,,,,,,,,65
,,,,,,BRB,Barbados,,,,,,MLE,,,,,,,,,,,,,,,,65.2
,,,,,,CZE,Czechia,,,,,,FMLE,,,,,,,,,,,,,,,,65.4
,,,,,,GRC,Greece,,,,,,BTSX,,,,,,,,,,,,,,,,65.4
,,,,,,COG,Congo,,,,,,MLE,,,,,,,,,,,,,,,,65.5
,,,,,,LVA,Latvia,,,,,,FMLE,,,,,,,,,,,,,,,,65.5
,,,,,,FRA,France,,,,,,FMLE,,,,,,,,,,,,,,,,65.6
,,,,,,BGR,Bulgaria,,,,,,BTSX,,,,,,,,,,,,,,,,66
,,,,,,GAB,Gabon,,,,,,BTSX,,,,,,,,,,,,,,,,66.5
,,,,,,HUN,Hungary,,,,,,BTSX,,,,,,,,,,,,,,,,66.6
,,,,,,MDA,Republic of Moldova,,,,,,BTSX,,,,,,,,,,,,,,,,66.6
,,,,,,BEL,Belgium,,,,,,FMLE,,,,,,,,,,,,,,,,66.8
,,,,,,NGA,Nigeria,,,,,,MLE,,,,,,,,,,,,,,,,67
,,,,,,PER,Peru,,,,,,MLE,,,,,,,,,,,,,,,,67.1
,,,,,,ROU,Romania,,,,,,BTSX,,,,,,,,,,,,,,,,67.2
,,,,,,ARG,Argentina,,,,,,BTSX,,,,,,,,,,,,,,,,67.4
,,,,,,CHL,Chile,,,,,,BTSX,,,,,,,,,,,,,,,,67.6
,,,,,,MKD,The former Yugoslav Republic of Macedonia,,,,,,MLE,,,,,,,,,,,,,,,,67.7
,,,,,,ITA,Italy,,,,,,BTSX,,,,,,,,,,,,,,,,67.8
,,,,,,POL,Poland,,,,,,BTSX,,,,,,,,,,,,,,,,68
,,,,,,MNE,Montenegro,,,,,,MLE,,,,,,,,,,,,,,,,68.2
,,,,,,CHN,China,,,,,,MLE,,,,,,,,,,,,,,,,68.6
,,,,,,KNA,Saint Kitts and Nevis,,,,,,MLE,,,,,,,,,,,,,,,,68.6
,,,,,,ESP,Spain,,,,,,BTSX,,,,,,,,,,,,,,,,68.6
,,,,,,SYC,Seychelles,,,,,,MLE,,,,,,,,,,,,,,,,68.7
,,,,,,UKR,Ukraine,,,,,,MLE,,,,,,,,,,,,,,,,68.7
,,,,,,CYP,Cyprus,,,,,,BTSX,,,,,,,,,,,,,,,,68.8
,,,,,,AUT,Austria,,,,,,FMLE,,,,,,,,,,,,,,,,68.9
,,,,,,ISR,Israel,,,,,,MLE,,,,,,,,,,,,,,,,68.9
,,,,,,URY,Uruguay,,,,,,BTSX,,,,,,,,,,,,,,,,68.9
,,,,,,BLR,Belarus,,,,,,FMLE,,,,,,,,,,,,,,,,69.2
,,,,,,PRT,Portugal,,,,,,BTSX,,,,,,,,,,,,,,,,69.2
,,,,,,NOR,Norway,,,,,,FMLE,,,,,,,,,,,,,,,,69.8
,,,,,,PNG,Papua New Guinea,,,,,,FMLE,,,,,,,,,,,,,,,,7.3
,,,,,,SAU,Saudi Arabia,,,,,,MLE,,,,,,,,,,,,,,,,7.3
,,,,,,SVN,Slovenia,,,,,,FMLE,,,,,,,,,,,,,,,,7.3
,,,,,,VUT,Vanuatu,,,,,,FMLE,,,,,,,,,,,,,,,,7.4
,,,,,,TON,Tonga,,,,,,FMLE,,,,,,,,,,,,,,,,7.7
,,,,,,TUV,Tuvalu,,,,,,FMLE,,,,,,,,,,,,,,,,7.8
,,,,,,MDV,Maldives,,,,,,BTSX,,,,,,,,,,,,,,,,7.9
,,,,,,ARE,United Arab Emirates,,,,,,FMLE,,,,,,,,,,,,,,,,7.9
,,,,,,SGP,Singapore,,,,,,BTSX,,,,,,,,,,,,,,,,70
,,,,,,AUS,Australia,,,,,,FMLE,,,,,,,,,,,,,,,,70.6
,,,,,,DEU,Germany,,,,,,FMLE,,,,,,,,,,,,,,,,70.6
,,,,,,LTU,Lithuania,,,,,,FMLE,,,,,,,,,,,,,,,,70.9
,,,,,,JPN,Japan,,,,,,MLE,,,,,,,,,,,,,,,,71.3
,,,,,,SVK,Slovakia,,,,,,BTSX,,,,,,,,,,,,,,,,71.3
,,,,,,ISL,Iceland,,,,,,BTSX,,,,,,,,,,,,,,,,71.5
,,,,,,USA,United States of America,,,,,,BTSX,,,,,,,,,,,,,,,,71.7
,,,,,,NLD,Netherlands,,,,,,BTSX,,,,,,,,,,,,,,,,72.1
,,,,,,FIN,Finland,,,,,,BTSX,,,,,,,,,,,,,,,,72.5
,,,,,,TTO,Trinidad and Tobago,,,,,,MLE,,,,,,,,,,,,,,,,72.5
,,,,,,EST,Estonia,,,,,,BTSX,,,,,,,,,,,,,,,,72.8
,,,,,,GNQ,Equatorial Guinea,,,,,,BTSX,,,,,,,,,,,,,,,,72.9
,,,,,,SWE,Sweden,,,,,,BTSX,,,,,,,,,,,,,,,,73
,,,,,,CHE,Switzerland,,,,,,FMLE,,,,,,,,,,,,,,,,73
,,,,,,IRL,Ireland,,,,,,FMLE,,,,,,,,,,,,,,,,73.1
,,,,,,GBR,United Kingdom of Great Britain and Northern Ireland,,,,,,BTSX,,,,,,,,,,,,,,,,73.4
,,,,,,BLR,Belarus,,,,,,BTSX,,,,,,,,,,,,,,,,73.6
,,,,,,SRB,Serbia,,,,,,MLE,,,,,,,,,,,,,,,,73.8
,,,,,,HRV,Croatia,,,,,,MLE,,,,,,,,,,,,,,,,73.9
,,,,,,DNK,Denmark,,,,,,BTSX,,,,,,,,,,,,,,,,74.4
,,,,,,AND,Andorra,,,,,,BTSX,,,,,,,,,,,,,,,,74.6
,,,,,,NZL,New Zealand,,,,,,BTSX,,,,,,,,,,,,,,,,74.6
,,,,,,LVA,Latvia,,,,,,BTSX,,,,,,,,,,,,,,,,75
,,,,,,FRA,France,,,,,,BTSX,,,,,,,,,,,,,,,,75.3
,,,,,,CZE,Czechia,,,,,,BTSX,,,,,,,,,,,,,,,,75.4
,,,,,,MLT,Malta,,,,,,MLE,,,,,,,,,,,,,,,,76.2
,,,,,,BEL,Belgium,,,,,,BTSX,,,,,,,,,,,,,,,,76.5
,,,,,,KOR,Republic of Korea,,,,,,MLE,,,,,,,,,,,,,,,,77
,,,,,,CAN,Canada,,,,,,MLE,,,,,,,,,,,,,,,,77.3
,,,,,,AUT,Austria,,,,,,BTSX,,,,,,,,,,,,,,,,78.1
,,,,,,GRC,Greece,,,,,,MLE,,,,,,,,,,,,,,,,78.3
,,,,,,GAB,Gabon,,,,,,MLE,,,,,,,,,,,,,,,,78.6
,,,,,,BLR,Belarus,,,,,,MLE,,,,,,,,,,,,,,,,79
,,,,,,NOR,Norway,,,,,,BTSX,,,,,,,,,,,,,,,,79
,,,,,,LTU,Lithuania,,,,,,BTSX,,,,,,,,,,,,,,,,79.1
,,,,,,BGR,Bulgaria,,,,,,MLE,,,,,,,,,,,,,,,,79.2
,,,,,,AUS,Australia,,,,,,BTSX,,,,,,,,,,,,,,,,79.4
,,,,,,DEU,Germany,,,,,,BTSX,,,,,,,,,,,,,,,,79.4
,,,,,,MDA,Republic of Moldova,,,,,,MLE,,,,,,,,,,,,,,,,79.6
,,,,,,ARG,Argentina,,,,,,MLE,,,,,,,,,,,,,,,,79.9
,,,,,,HUN,Hungary,,,,,,MLE,,,,,,,,,,,,,,,,79.9
,,,,,,FSM,Micronesia (Federated States of),,,,,,FMLE,,,,,,,,,,,,,,,,8.1
,,,,,,OMN,Oman,,,,,,BTSX,,,,,,,,,,,,,,,,8.3
,,,,,,WSM,Samoa,,,,,,FMLE,,,,,,,,,,,,,,,,8.5
,,,,,,BHR,Bahrain,,,,,,BTSX,,,,,,,,,,,,,,,,8.8
,,,,,,TUN,Tunisia,,,,,,MLE,,,,,,,,,,,,,,,,8.9
,,,,,,CHL,Chile,,,,,,MLE,,,,,,,,,,,,,,,,80
,,,,,,ROU,Romania,,,,,,MLE,,,,,,,,,,,,,,,,80.1
,,,,,,CYP,Cyprus,,,,,,MLE,,,,,,,,,,,,,,,,80.6
,,,,,,POL,Poland,,,,,,MLE,,,,,,,,,,,,,,,,80.7
,,,,,,ESP,Spain,,,,,,MLE,,,,,,,,,,,,,,,,80.9
,,,,,,ITA,Italy,,,,,,MLE,,,,,,,,,,,,,,,,81.2
,,,,,,CHE,Switzerland,,,,,,BTSX,,,,,,,,,,,,,,,,81.2
,,,,,,IRL,Ireland,,,,,,BTSX,,,,,,,,,,,,,,,,81.3
,,,,,,URY,Uruguay,,,,,,MLE,,,,,,,,,,,,,,,,81.3
,,,,,,PRT,Portugal,,,,,,MLE,,,,,,,,,,,,,,,,81.6
,,,,,,SGP,Singapore,,,,,,MLE,,,,,,,,,,,,,,,,81.7
,,,,,,ISL,Iceland,,,,,,MLE,,,,,,,,,,,,,,,,82.6
,,,,,,SVK,Slovakia,,,,,,MLE,,,,,,,,,,,,,,,,82.9
,,,,,,USA,United States of America,,,,,,MLE,,,,,,,,,,,,,,,,83
,,,,,,GNQ,Equatorial Guinea,,,,,,MLE,,,,,,,,,,,,,,,,83.3
,,,,,,NLD,Netherlands,,,,,,MLE,,,,,,,,,,,,,,,,83.3
,,,,,,FIN,Finland,,,,,,MLE,,,,,,,,,,,,,,,,83.8
,,,,,,SWE,Sweden,,,,,,MLE,,,,,,,,,,,,,,,,83.9
,,,,,,GBR,United Kingdom of Great Britain and Northern Ireland,,,,,,MLE,,,,,,,,,,,,,,,,84.3
,,,,,,EST,Estonia,,,,,,MLE,,,,,,,,,,,,,,,,84.9
,,,,,,DNK,Denmark,,,,,,MLE,,,,,,,,,,,,,,,,85
,,,,,,NZL,New Zealand,,,,,,MLE,,,,,,,,,,,,,,,,85.1
,,,,,,AND,Andorra,,,,,,MLE,,,,,,,,,,,,,,,,85.2
,,,,,,FRA,France,,,,,,MLE,,,,,,,,,,,,,,,,85.8
,,,,,,CZE,Czechia,,,,,,MLE,,,,,,,,,,,,,,,,86
,,,,,,LVA,Latvia,,,,,,MLE,,,,,,,,,,,,,,,,86.5
,,,,,,BEL,Belgium,,,,,,MLE,,,,,,,,,,,,,,,,86.6
,,,,,,AUT,Austria,,,,,,MLE,,,,,,,,,,,,,,,,87.7
,,,,,,LUX,Luxembourg,,,,,,FMLE,,,,,,,,,,,,,,,,87.7
,,,,,,NOR,Norway,,,,,,MLE,,,,,,,,,,,,,,,,88
,,,,,,AUS,Australia,,,,,,MLE,,,,,,,,,,,,,,,,88.3
,,,,,,DEU,Germany,,,,,,MLE,,,,,,,,,,,,,,,,88.5
,,,,,,LTU,Lithuania,,,,,,MLE,,,,,,,,,,,,,,,,89.1
,,,,,,IRL,Ireland,,,,,,MLE,,,,,,,,,,,,,,,,89.5
,,,,,,CHE,Switzerland,,,,,,MLE,,,,,,,,,,,,,,,,89.6
,,,,,,LBN,Lebanon,,,,,,MLE,,,,,,,,,,,,,,,,9.2
,,,,,,FJI,Fiji,,,,,,FMLE,,,,,,,,,,,,,,,,9.8
,,,,,,LSO,Lesotho,,,,,,FMLE,,,,,,,,,,,,,,,,9.9
,,,,,,LUX,Luxembourg,,,,,,BTSX,,,,,,,,,,,,,,,,91.8
,,,,,,LUX,Luxembourg,,,,,,MLE,,,,,,,,,,,,,,,,95.8
,,,,,,VNM,Viet Nam,,,,,,BTSX,,,,,,,,,,,,,,,,99.4
